{
	"chest": {
		"rotation": [
			0.12632718442249216,
			0.026281165305772566,
			0.03221940244673012,
			0.9911168714798633
		]
	},
	"head": {
		"rotation": [
			0.0027296037623219314,
			0.010739806818506272,
			0.0735938572544038,
			0.9972267294789185
		]
	},
	"hips": {
		"rotation": [
			-0.2645056184689331,
			0.0019267135930340525,
			0.0020199005432862986,
			0.9643801043027034
		],
		"position": [
			0,
			-0.012452963631743863,
			0
		]
	},
	"jaw": {
		"rotation": [
			0,
			0,
			0,
			1
		]
	},
	"leftEye": {
		"rotation": [
			-0.00906868136923852,
			-0.03557369321960342,
			-0.0003228241187679641,
			0.9993258563419287
		]
	},
	"leftFoot": {
		"rotation": [
			-0.1867583887861061,
			-0.06523979101630183,
			-0.025313176508238215,
			0.9799103617072481
		]
	},
	"leftHand": {
		"rotation": [
			-0.4838185183377676,
			-0.29598034427742215,
			-0.26327747467543094,
			0.7803846797851646
		]
	},
	"leftIndexDistal": {
		"rotation": [
			0,
			0,
			-0.06199846955623789,
			0.99807624446867
		]
	},
	"leftIndexIntermediate": {
		"rotation": [
			0,
			0,
			-0.022327864296377356,
			0.9997507021632758
		]
	},
	"leftIndexProximal": {
		"rotation": [
			0.019577435593636682,
			-0.22062120482851355,
			-0.08619510260816965,
			0.9713461856011787
		]
	},
	"leftLittleDistal": {
		"rotation": [
			0.1568558064757093,
			0.21174499192527432,
			0.6914503730233792,
			0.6726490139851915
		]
	},
	"leftLittleIntermediate": {
		"rotation": [
			0,
			0,
			0.7071067811865476,
			0.7071067811865476
		]
	},
	"leftLittleProximal": {
		"rotation": [
			0,
			0,
			0.7071067811865476,
			0.7071067811865476
		]
	},
	"leftLowerArm": {
		"rotation": [
			0.1531335249909013,
			-0.8955697399089319,
			-0.19258680326404629,
			0.3706956807029786
		]
	},
	"leftLowerLeg": {
		"rotation": [
			-0.9348719810281108,
			-0.08680289408085946,
			0.002917923677716539,
			0.34419634278878425
		]
	},
	"leftMiddleDistal": {
		"rotation": [
			0,
			0,
			-0.1027875159593063,
			0.9947033359564627
		]
	},
	"leftMiddleIntermediate": {
		"rotation": [
			0,
			0,
			-0.03560914475372165,
			0.9993657932958825
		]
	},
	"leftMiddleProximal": {
		"rotation": [
			-0.0025998890083756806,
			0.026237604050329804,
			-0.05001800865324346,
			0.9984002341351922
		]
	},
	"leftRingDistal": {
		"rotation": [
			0.020109773358269148,
			-0.04606801784897169,
			0.7056045193530629,
			0.7068207672497173
		]
	},
	"leftRingIntermediate": {
		"rotation": [
			0,
			0,
			0.7071067811865476,
			0.7071067811865476
		]
	},
	"leftRingProximal": {
		"rotation": [
			0,
			0,
			0.7071067811865476,
			0.7071067811865476
		]
	},
	"leftShoulder": {
		"rotation": [
			0.14970505139160767,
			0.08225125884746781,
			0.00458948493365012,
			0.9852928826668175
		]
	},
	"leftThumbDistal": {
		"rotation": [
			-0.2352667891960039,
			0.5120312942050936,
			-0.08042272363114115,
			0.8221956441017001
		]
	},
	"leftThumbIntermediate": {
		"rotation": [
			-0.19526587838834705,
			0.19936097888560989,
			0.05132514215627221,
			0.9589015416702786
		]
	},
	"leftThumbProximal": {
		"rotation": [
			0.015117549045717915,
			0.2785812214774047,
			0.05203494511926526,
			0.9588828537613147
		]
	},
	"leftToes": {
		"rotation": [
			-0.1560958523329507,
			0,
			0,
			0.9877419120825286
		]
	},
	"leftUpperArm": {
		"rotation": [
			-0.05428686848127214,
			-0.006254668892780225,
			0.20711937276589928,
			0.9767882986873868
		]
	},
	"leftUpperLeg": {
		"rotation": [
			0.5094288540339944,
			-0.09682970246177416,
			0.02926017187675027,
			0.8545467182901814
		]
	},
	"neck": {
		"rotation": [
			0.021324469889157163,
			0.0339885011895868,
			0.00917318269108375,
			0.9991525916946561
		]
	},
	"rightEye": {
		"rotation": [
			-0.00906868136923852,
			-0.03557369321960342,
			-0.0003228241187679641,
			0.9993258563419287
		]
	},
	"rightFoot": {
		"rotation": [
			-0.12395573494864745,
			0.09049474601830933,
			0.04111912197729003,
			0.9872967611231382
		]
	},
	"rightHand": {
		"rotation": [
			-0.44280339661923906,
			0.3086714445259864,
			0.11544655766925878,
			0.8338580116536773
		]
	},
	"rightIndexDistal": {
		"rotation": [
			0.05330036017931064,
			-0.003294151309216382,
			0.06159782908638367,
			0.9966714241031256
		]
	},
	"rightIndexIntermediate": {
		"rotation": [
			0,
			0,
			0.032965166168983304,
			0.9994565012142607
		]
	},
	"rightIndexProximal": {
		"rotation": [
			0.026816887596401728,
			0.2260805294594699,
			0.11469751744390717,
			0.9669606652967703
		]
	},
	"rightLittleDistal": {
		"rotation": [
			0,
			0,
			-0.7071067811865476,
			0.7071067811865476
		]
	},
	"rightLittleIntermediate": {
		"rotation": [
			0,
			0,
			-0.7071067811865476,
			0.7071067811865476
		]
	},
	"rightLittleProximal": {
		"rotation": [
			0,
			0,
			-0.7071067811865476,
			0.7071067811865476
		]
	},
	"rightLowerArm": {
		"rotation": [
			0.19263594354276867,
			0.8853527724706663,
			0.24700735822048922,
			0.34355381895538134
		]
	},
	"rightLowerLeg": {
		"rotation": [
			0.0783724729201963,
			0.08769430161608016,
			-0.051711596735022056,
			0.9917123452471263
		]
	},
	"rightMiddleDistal": {
		"rotation": [
			0,
			0,
			0.08026455767348724,
			0.9967735955478955
		]
	},
	"rightMiddleIntermediate": {
		"rotation": [
			0,
			0,
			0.025254406039762072,
			0.9996810566253513
		]
	},
	"rightMiddleProximal": {
		"rotation": [
			0.0015431107204760663,
			-0.01552789257243461,
			0.09887755580983747,
			0.9949772521613929
		]
	},
	"rightRingDistal": {
		"rotation": [
			-0.03493325772154775,
			0.02278703462818298,
			-0.699902223950215,
			0.7130198422676309
		]
	},
	"rightRingIntermediate": {
		"rotation": [
			0,
			0,
			-0.7071067811865476,
			0.7071067811865476
		]
	},
	"rightRingProximal": {
		"rotation": [
			0,
			0,
			-0.7071067811865476,
			0.7071067811865476
		]
	},
	"rightShoulder": {
		"rotation": [
			0.13535152880765017,
			-0.05998725819668628,
			0.044167519672674044,
			0.987993280700552
		]
	},
	"rightThumbDistal": {
		"rotation": [
			-0.2641501833322756,
			-0.27212364333005323,
			-0.11376620464754332,
			0.9182759139095377
		]
	},
	"rightThumbIntermediate": {
		"rotation": [
			-0.26279511809487904,
			-0.2786395210745717,
			0.0077608225630609925,
			0.9237091061768182
		]
	},
	"rightThumbProximal": {
		"rotation": [
			-0.0005566764027957766,
			-0.204426535127855,
			-0.12281526488418068,
			0.9711466895162806
		]
	},
	"rightToes": {
		"rotation": [
			0.02013218727499586,
			0.0031907754708250763,
			-0.02778424723961253,
			0.9994060984368405
		]
	},
	"rightUpperArm": {
		"rotation": [
			-0.008709214553583594,
			-0.02015019077944208,
			-0.15949862764656433,
			0.986954055248913
		]
	},
	"rightUpperLeg": {
		"rotation": [
			0.2771228032093447,
			0.06988093981711571,
			0.00893575287706687,
			0.9582482760288127
		]
	},
	"spine": {
		"rotation": [
			0.015806572645082347,
			-0.0024959887593055223,
			0.03720684708748699,
			0.999179449764224
		]
	},
	"upperChest": {
		"rotation": [
			0.05414806199721468,
			0.03449260362149727,
			-0.11788092909125188,
			0.9909502178383833
		]
	}
}