{
  "chest": {
    "rotation": [
      0.013312335656517259,
      0,
      0,
      0.9999113869335464
    ]
  },
  "head": {
    "rotation": [
      0.08603210708144307,
      0,
      0,
      0.9962923649969055
    ]
  },
  "hips": {
    "rotation": [
      -0.1787955102350469,
      -0.0006303832762068233,
      -0.00965300399150735,
      0.983838700016753
    ]
  },
  "jaw": {
    "rotation": [
      0,
      0,
      0,
      1
    ]
  },
  "leftEye": {
    "rotation": [
      -0.0037995237082412664,
      0.0006996440932298325,
      0.0000026583341586324724,
      0.9999925370274854
    ]
  },
  "leftFoot": {
    "rotation": [
      -0.0719891841574704,
      -0.00011644688831157979,
      0.09214837874308693,
      0.993139577350276
    ]
  },
  "leftHand": {
    "rotation": [
      -0.48262051769102926,
      -0.23455124243260098,
      -0.33804179564770753,
      0.7731693831058236
    ]
  },
  "leftIndexDistal": {
    "rotation": [
      0,
      0,
      -0.06199846955623789,
      0.99807624446867
    ]
  },
  "leftIndexIntermediate": {
    "rotation": [
      0,
      0,
      -0.022327864296377356,
      0.9997507021632758
    ]
  },
  "leftIndexProximal": {
    "rotation": [
      0.019577435593636682,
      -0.22062120482851355,
      -0.08619510260816965,
      0.9713461856011787
    ]
  },
  "leftLittleDistal": {
    "rotation": [
      0.1568558064757093,
      0.21174499192527432,
      0.6914503730233792,
      0.6726490139851915
    ]
  },
  "leftLittleIntermediate": {
    "rotation": [
      0,
      0,
      0.7071067811865476,
      0.7071067811865476
    ]
  },
  "leftLittleProximal": {
    "rotation": [
      0,
      0,
      0.7071067811865476,
      0.7071067811865476
    ]
  },
  "leftLowerArm": {
    "rotation": [
      0.15014114940567497,
      -0.8816663724971838,
      -0.17114475186643008,
      0.41331769472329405
    ]
  },
  "leftLowerLeg": {
    "rotation": [
      0.101996813833097,
      -0.06073768097746058,
      0.04548069263383802,
      0.9918866319670424
    ]
  },
  "leftMiddleDistal": {
    "rotation": [
      0,
      0,
      -0.1027875159593063,
      0.9947033359564627
    ]
  },
  "leftMiddleIntermediate": {
    "rotation": [
      0,
      0,
      -0.03560914475372165,
      0.9993657932958825
    ]
  },
  "leftMiddleProximal": {
    "rotation": [
      -0.0025998890083756806,
      0.026237604050329804,
      -0.05001800865324346,
      0.9984002341351922
    ]
  },
  "leftRingDistal": {
    "rotation": [
      0.020109773358269148,
      -0.04606801784897169,
      0.7056045193530629,
      0.7068207672497173
    ]
  },
  "leftRingIntermediate": {
    "rotation": [
      0,
      0,
      0.7071067811865476,
      0.7071067811865476
    ]
  },
  "leftRingProximal": {
    "rotation": [
      0,
      0,
      0.7071067811865476,
      0.7071067811865476
    ]
  },
  "leftShoulder": {
    "rotation": [
      0.1416311442987345,
      0.0904641108365223,
      -0.08532359812541815,
      0.9820777704530943
    ]
  },
  "leftThumbDistal": {
    "rotation": [
      -0.2352667891960039,
      0.5120312942050936,
      -0.08042272363114115,
      0.8221956441017001
    ]
  },
  "leftThumbIntermediate": {
    "rotation": [
      -0.19526587838834705,
      0.19936097888560989,
      0.05132514215627221,
      0.9589015416702786
    ]
  },
  "leftThumbProximal": {
    "rotation": [
      0.015117549045717915,
      0.2785812214774047,
      0.05203494511926526,
      0.9588828537613147
    ]
  },
  "leftToes": {
    "rotation": [
      0,
      0,
      0,
      1
    ]
  },
  "leftUpperArm": {
    "rotation": [
      -0.054249922679614884,
      -0.0065674090566263405,
      0.2014869041030883,
      0.9779656652983743
    ]
  },
  "leftUpperLeg": {
    "rotation": [
      0.14315069053414078,
      -0.03734612774500221,
      -0.12229065543455768,
      0.9814062064891576
    ]
  },
  "neck": {
    "rotation": [
      0.03285559817912266,
      0,
      0,
      0.9994601090930505
    ]
  },
  "rightEye": {
    "rotation": [
      -0.0037995237082412664,
      0.0006996440932298325,
      0.0000026583341586324724,
      0.9999925370274854
    ]
  },
  "rightFoot": {
    "rotation": [
      -0.03907695905255129,
      -0.0008255420430454642,
      -0.11766650914369643,
      0.9922836803946122
    ]
  },
  "rightHand": {
    "rotation": [
      -0.3648952912507807,
      0.22209242565390008,
      0.34572205926338695,
      0.8354655221066025
    ]
  },
  "rightIndexDistal": {
    "rotation": [
      0.05330036017931064,
      -0.003294151309216382,
      0.06159782908638367,
      0.9966714241031256
    ]
  },
  "rightIndexIntermediate": {
    "rotation": [
      0,
      0,
      0.032965166168983304,
      0.9994565012142607
    ]
  },
  "rightIndexProximal": {
    "rotation": [
      0.026816887596401728,
      0.2260805294594699,
      0.11469751744390717,
      0.9669606652967703
    ]
  },
  "rightLittleDistal": {
    "rotation": [
      0,
      0,
      -0.7071067811865476,
      0.7071067811865476
    ]
  },
  "rightLittleIntermediate": {
    "rotation": [
      0,
      0,
      -0.7071067811865476,
      0.7071067811865476
    ]
  },
  "rightLittleProximal": {
    "rotation": [
      0,
      0,
      -0.7071067811865476,
      0.7071067811865476
    ]
  },
  "rightLowerArm": {
    "rotation": [
      0.0980385223202602,
      0.8576360056190542,
      0.24170309142555277,
      0.4432026010780897
    ]
  },
  "rightLowerLeg": {
    "rotation": [
      0.0783724729201963,
      0.08769430161608016,
      -0.051711596735022056,
      0.9917123452471263
    ]
  },
  "rightMiddleDistal": {
    "rotation": [
      0,
      0,
      0.08026455767348724,
      0.9967735955478955
    ]
  },
  "rightMiddleIntermediate": {
    "rotation": [
      0,
      0,
      0.025254406039762072,
      0.9996810566253513
    ]
  },
  "rightMiddleProximal": {
    "rotation": [
      0.0015431107204760663,
      -0.01552789257243461,
      0.09887755580983747,
      0.9949772521613929
    ]
  },
  "rightRingDistal": {
    "rotation": [
      -0.03493325772154775,
      0.02278703462818298,
      -0.699902223950215,
      0.7130198422676309
    ]
  },
  "rightRingIntermediate": {
    "rotation": [
      0,
      0,
      -0.7071067811865476,
      0.7071067811865476
    ]
  },
  "rightRingProximal": {
    "rotation": [
      0,
      0,
      -0.7071067811865476,
      0.7071067811865476
    ]
  },
  "rightShoulder": {
    "rotation": [
      0.13194869733304632,
      -0.06703368359244954,
      0.0969867894052314,
      0.984220295064578
    ]
  },
  "rightThumbDistal": {
    "rotation": [
      -0.2641501833322756,
      -0.27212364333005323,
      -0.11376620464754332,
      0.9182759139095377
    ]
  },
  "rightThumbIntermediate": {
    "rotation": [
      -0.26279511809487904,
      -0.2786395210745717,
      0.0077608225630609925,
      0.9237091061768182
    ]
  },
  "rightThumbProximal": {
    "rotation": [
      -0.0005566764027957766,
      -0.204426535127855,
      -0.12281526488418068,
      0.9711466895162806
    ]
  },
  "rightToes": {
    "rotation": [
      0,
      0,
      0,
      1
    ]
  },
  "rightUpperArm": {
    "rotation": [
      -0.002887290224523551,
      0.020920173916083078,
      -0.19892652980644696,
      0.9797868368260746
    ]
  },
  "rightUpperLeg": {
    "rotation": [
      0.15993408243472299,
      0.04378077515654895,
      0.16933006858020277,
      0.9715099901066786
    ]
  },
  "spine": {
    "rotation": [
      0.003995954348490826,
      0,
      0,
      0.9999920161425515
    ]
  },
  "upperChest": {
    "rotation": [
      0.07135642314924895,
      0,
      0,
      0.9974508814349433
    ]
  }
}