{
	"chest": {
		"rotation": [
			0.012278820379590289,
			-0.10910634844609612,
			0.025790845665005887,
			0.9936195789026748
		]
	},
	"head": {
		"rotation": [
			-0.03951058593834458,
			0.2259593135032279,
			0.1313244729333955,
			0.9644351637350872
		]
	},
	"hips": {
		"rotation": [
			0.017228731254989447,
			0.00547331977139479,
			-0.12264095469162245,
			0.992286455527007
		],
		"position": [
			0,
			-0.011806604761992912,
			0
		]
	},
	"jaw": {
		"rotation": [
			0,
			0,
			0,
			1
		]
	},
	"leftEye": {
		"rotation": [
			-0.0077197466184405145,
			-0.026961475556941915,
			-0.00020821766360691694,
			0.9996066431318592
		]
	},
	"leftFoot": {
		"rotation": [
			-0.026291200481363606,
			-0.028364906450515696,
			-0.011265309662227472,
			0.999188319416073
		]
	},
	"leftHand": {
		"rotation": [
			0.04664492270187753,
			-0.011264460495008583,
			-0.7472238799317854,
			0.6628377149616498
		]
	},
	"leftIndexDistal": {
		"rotation": [
			0,
			0,
			0.14762898703832336,
			0.9890428110987102
		]
	},
	"leftIndexIntermediate": {
		"rotation": [
			-0.001116780057892448,
			-0.009792799738895453,
			0.31326513571133113,
			0.9496145579251286
		]
	},
	"leftIndexProximal": {
		"rotation": [
			-0.009435822429217741,
			-0.03504781390548765,
			0.08832606593350363,
			0.99543011913054
		]
	},
	"leftLittleDistal": {
		"rotation": [
			0,
			0,
			0.16149149039479485,
			0.9868741047013382
		]
	},
	"leftLittleIntermediate": {
		"rotation": [
			0,
			0,
			0.2091898081247271,
			0.9778750555038922
		]
	},
	"leftLittleProximal": {
		"rotation": [
			0,
			0,
			0.1329234131335883,
			0.9911263119506604
		]
	},
	"leftLowerArm": {
		"rotation": [
			0.4200664495916165,
			0.7613187412379351,
			-0.2564674946986147,
			-0.42209285273550434
		]
	},
	"leftLowerLeg": {
		"rotation": [
			0.06085844492799631,
			-0.0027654224792274342,
			0.04530908710156422,
			0.997113678948133
		]
	},
	"leftMiddleDistal": {
		"rotation": [
			0.04289103977040288,
			0.010452528714092356,
			0.2532726697937827,
			0.9663871160598244
		]
	},
	"leftMiddleIntermediate": {
		"rotation": [
			0,
			0,
			0.27733936504610845,
			0.9607720211349942
		]
	},
	"leftMiddleProximal": {
		"rotation": [
			0.014010056406145053,
			0.0004051926526628843,
			0.14133637204018817,
			0.9898624066388866
		]
	},
	"leftRingDistal": {
		"rotation": [
			-0.00003445926351437929,
			-0.0008999417921871566,
			0.27376552534418264,
			0.9617960418146633
		]
	},
	"leftRingIntermediate": {
		"rotation": [
			0,
			0,
			0.23654847635620369,
			0.9716196881154471
		]
	},
	"leftRingProximal": {
		"rotation": [
			0,
			0,
			0.1355871721345739,
			0.9907654206483741
		]
	},
	"leftShoulder": {
		"rotation": [
			-0.13148825261348285,
			0.2454182211891548,
			0.09458307182149503,
			0.9557901331661747
		]
	},
	"leftThumbDistal": {
		"rotation": [
			-0.07847967367897261,
			0.2390704394209022,
			-0.01804463115624607,
			0.9676573035433432
		]
	},
	"leftThumbIntermediate": {
		"rotation": [
			-0.12112827620038757,
			-0.1158984884054545,
			-0.16316367022463918,
			0.9722515609701424
		]
	},
	"leftThumbProximal": {
		"rotation": [
			0.15392696102298822,
			-0.15865822109731637,
			0.11849760856038216,
			0.9680353176996865
		]
	},
	"leftToes": {
		"rotation": [
			0.017321922797459022,
			0.0005592403629967282,
			0.00258620546238398,
			0.9998464631042717
		]
	},
	"leftUpperArm": {
		"rotation": [
			-0.0613741716699987,
			-0.0041038367275873094,
			0.147478217659628,
			0.9871507204535052
		]
	},
	"leftUpperLeg": {
		"rotation": [
			-0.0439264955767638,
			-0.14431534495391912,
			0.07090549491540486,
			0.9860101191103352
		]
	},
	"neck": {
		"rotation": [
			-0.034784681390979774,
			0.054953196441120525,
			0.05763776752504462,
			0.9962168739266369
		]
	},
	"rightEye": {
		"rotation": [
			-0.0077197466184405145,
			-0.026961475556941915,
			-0.00020821766360691694,
			0.9996066431318592
		]
	},
	"rightFoot": {
		"rotation": [
			-0.06721818655114367,
			-0.24182207935250205,
			-0.12501763981652333,
			0.9598824860727035
		]
	},
	"rightHand": {
		"rotation": [
			-0.3593233592881644,
			0.010699491400713043,
			-0.023608054827899138,
			0.9328530988858201
		]
	},
	"rightIndexDistal": {
		"rotation": [
			0,
			0,
			-0.16991038502866665,
			0.9854595177171969
		]
	},
	"rightIndexIntermediate": {
		"rotation": [
			0,
			0,
			-0.16991038502866665,
			0.9854595177171969
		]
	},
	"rightIndexProximal": {
		"rotation": [
			0.0008413288327252442,
			-0.004879604655119282,
			-0.16990830205256297,
			0.9854474367097517
		]
	},
	"rightLittleDistal": {
		"rotation": [
			0,
			0,
			-0.22846168704883907,
			0.9735529043410011
		]
	},
	"rightLittleIntermediate": {
		"rotation": [
			0,
			0,
			-0.22846168704883907,
			0.9735529043410011
		]
	},
	"rightLittleProximal": {
		"rotation": [
			0.034643866391465016,
			-0.008129805916450126,
			-0.2283169917131937,
			0.9729363083327958
		]
	},
	"rightLowerArm": {
		"rotation": [
			0,
			0,
			-0.01394287850101109,
			0.9999027933449861
		]
	},
	"rightLowerLeg": {
		"rotation": [
			0.04638224642039796,
			0.05764499456950083,
			0.00268106249020702,
			0.997255510750381
		]
	},
	"rightMiddleDistal": {
		"rotation": [
			0,
			0,
			-0.20345601305263378,
			0.9790840876823229
		]
	},
	"rightMiddleIntermediate": {
		"rotation": [
			0,
			0,
			-0.20345601305263378,
			0.9790840876823229
		]
	},
	"rightMiddleProximal": {
		"rotation": [
			0,
			0,
			-0.20345601305263378,
			0.9790840876823229
		]
	},
	"rightRingDistal": {
		"rotation": [
			0,
			0,
			-0.22846168704883907,
			0.9735529043410011
		]
	},
	"rightRingIntermediate": {
		"rotation": [
			0,
			0,
			-0.22846168704883907,
			0.9735529043410011
		]
	},
	"rightRingProximal": {
		"rotation": [
			0.027177964264291816,
			0.0008440124390392434,
			-0.2270116886013926,
			0.973512372360925
		]
	},
	"rightShoulder": {
		"rotation": [
			0,
			0,
			0,
			1
		]
	},
	"rightThumbDistal": {
		"rotation": [
			0,
			-0.20345601305263378,
			0,
			0.9790840876823229
		]
	},
	"rightThumbIntermediate": {
		"rotation": [
			-0.034187909804441495,
			-0.25477795893454697,
			0.03120483390704014,
			0.9658911102216355
		]
	},
	"rightThumbProximal": {
		"rotation": [
			-0.05051779743418874,
			-0.01103355143752485,
			-0.015932831409803054,
			0.9985351059268476
		]
	},
	"rightToes": {
		"rotation": [
			0.006575861187685371,
			0.0010256544894177819,
			0.009185638423100804,
			0.9999356629950092
		]
	},
	"rightUpperArm": {
		"rotation": [
			-0.05251907807888021,
			0.049543380034267594,
			-0.6353237947333742,
			0.7688633661308816
		]
	},
	"rightUpperLeg": {
		"rotation": [
			-0.05337147715195232,
			-0.12172198975559077,
			0.2689553943933254,
			0.9539382781203875
		]
	},
	"spine": {
		"rotation": [
			0.05414150040452461,
			-0.017382172263996565,
			0.043723662943329786,
			0.9974240819832604
		]
	},
	"upperChest": {
		"rotation": [
			-0.0580006210117048,
			-0.034797111175251444,
			0.057820793079578624,
			0.996033054122082
		]
	}
}