{
  "chest": {
    "rotation": [
      0.013073889360341595,
      -0.08190511449815777,
      0.015186909976952495,
      0.9964386500941186
    ]
  },
  "head": {
    "rotation": [
      -0.1012440789829616,
      0.145030514690034,
      0.12033149980340556,
      0.976850099265337
    ]
  },
  "hips": {
    "rotation": [
      0.01732432411129285,
      0.005191665058676255,
      -0.10755754672484175,
      0.9940343497840197
    ]
  },
  "jaw": {
    "rotation": [
      0,
      0,
      0,
      1
    ]
  },
  "leftEye": {
    "rotation": [
      0.01402224134221947,
      -0.013657270714215257,
      0.00019154224722027756,
      0.9998083911509978
    ]
  },
  "leftFoot": {
    "rotation": [
      -0.029838847711330843,
      -0.0004755619200913318,
      -0.019467228442552515,
      0.999365020412905
    ]
  },
  "leftHand": {
    "rotation": [
      -0.396783278649667,
      -0.5109173213169227,
      -0.2914481776953552,
      0.7046875054096091
    ]
  },
  "leftIndexDistal": {
    "rotation": [
      0,
      0,
      0.05972299511364994,
      0.9982149887948262
    ]
  },
  "leftIndexIntermediate": {
    "rotation": [
      0,
      0,
      0.05972299511364994,
      0.9982149887948262
    ]
  },
  "leftIndexProximal": {
    "rotation": [
      0,
      0,
      0.05972299511364994,
      0.9982149887948262
    ]
  },
  "leftLittleDistal": {
    "rotation": [
      0,
      0,
      0.16149149039479485,
      0.9868741047013382
    ]
  },
  "leftLittleIntermediate": {
    "rotation": [
      0,
      0,
      0.16149149039479485,
      0.9868741047013382
    ]
  },
  "leftLittleProximal": {
    "rotation": [
      0,
      0,
      0.16149149039479485,
      0.9868741047013382
    ]
  },
  "leftLowerArm": {
    "rotation": [
      -0.13024419562377243,
      -0.4765566724523023,
      0.5537403558216842,
      0.6702997879918957
    ]
  },
  "leftLowerLeg": {
    "rotation": [
      0.04727924457939463,
      0,
      0,
      0.9988817112311156
    ]
  },
  "leftMiddleDistal": {
    "rotation": [
      0,
      0,
      0.085265709059396,
      0.9963582482514
    ]
  },
  "leftMiddleIntermediate": {
    "rotation": [
      0,
      0,
      0.085265709059396,
      0.9963582482514
    ]
  },
  "leftMiddleProximal": {
    "rotation": [
      0,
      0,
      0.085265709059396,
      0.9963582482514
    ]
  },
  "leftRingDistal": {
    "rotation": [
      0,
      0,
      0.11923277779633107,
      0.9928663277093099
    ]
  },
  "leftRingIntermediate": {
    "rotation": [
      0,
      0,
      0.11923277779633107,
      0.9928663277093099
    ]
  },
  "leftRingProximal": {
    "rotation": [
      0,
      0,
      0.11923277779633107,
      0.9928663277093099
    ]
  },
  "leftShoulder": {
    "rotation": [
      -0.12187270568490932,
      0.20249977382440695,
      0.01659709154714114,
      0.9715273654212111
    ]
  },
  "leftThumbDistal": {
    "rotation": [
      -0.027676523460388056,
      0.23779677203562652,
      -0.030544703761937155,
      0.9704399653408131
    ]
  },
  "leftThumbIntermediate": {
    "rotation": [
      -0.36761222138631244,
      -0.0921296421157529,
      -0.36759348331175773,
      0.8492634542695057
    ]
  },
  "leftThumbProximal": {
    "rotation": [
      0.08691831749305468,
      0.0427291624373369,
      0.468795152169557,
      0.8779809394650331
    ]
  },
  "leftToes": {
    "rotation": [
      0.01733045902680155,
      0.0001301887287284972,
      0.0273409983315101,
      0.9994759166938699
    ]
  },
  "leftUpperArm": {
    "rotation": [
      -0.0252020649286243,
      -0.06491025490169017,
      0.23586779876395214,
      0.9692873135650641
    ]
  },
  "leftUpperLeg": {
    "rotation": [
      -0.045127972791375884,
      -0.045197726848780574,
      0.07397763209903196,
      0.9952125107274649
    ]
  },
  "neck": {
    "rotation": [
      -0.0358101553042088,
      0.05429052067955144,
      0.038926225791374336,
      0.9971233229079896
    ]
  },
  "rightEye": {
    "rotation": [
      0.01402224134221947,
      -0.013657270714215257,
      0.00019154224722027756,
      0.9998083911509978
    ]
  },
  "rightFoot": {
    "rotation": [
      -0.08193662580104512,
      -0.16663472923810801,
      -0.13442819227105662,
      0.9733695688107461
    ]
  },
  "rightHand": {
    "rotation": [
      -0.3593233592881644,
      0.010699491400713043,
      -0.023608054827899138,
      0.9328530988858201
    ]
  },
  "rightIndexDistal": {
    "rotation": [
      0,
      0,
      -0.16991038502866665,
      0.9854595177171969
    ]
  },
  "rightIndexIntermediate": {
    "rotation": [
      0,
      0,
      -0.16991038502866665,
      0.9854595177171969
    ]
  },
  "rightIndexProximal": {
    "rotation": [
      0.0008413288327252442,
      -0.004879604655119282,
      -0.16990830205256297,
      0.9854474367097517
    ]
  },
  "rightLittleDistal": {
    "rotation": [
      0,
      0,
      -0.22846168704883907,
      0.9735529043410011
    ]
  },
  "rightLittleIntermediate": {
    "rotation": [
      0,
      0,
      -0.22846168704883907,
      0.9735529043410011
    ]
  },
  "rightLittleProximal": {
    "rotation": [
      0.034643866391465016,
      -0.008129805916450126,
      -0.2283169917131937,
      0.9729363083327958
    ]
  },
  "rightLowerArm": {
    "rotation": [
      0,
      0,
      -0.01394287850101109,
      0.9999027933449861
    ]
  },
  "rightLowerLeg": {
    "rotation": [
      0.06528939294814654,
      0,
      0,
      0.9978663713987272
    ]
  },
  "rightMiddleDistal": {
    "rotation": [
      0,
      0,
      -0.20345601305263378,
      0.9790840876823229
    ]
  },
  "rightMiddleIntermediate": {
    "rotation": [
      0,
      0,
      -0.20345601305263378,
      0.9790840876823229
    ]
  },
  "rightMiddleProximal": {
    "rotation": [
      0,
      0,
      -0.20345601305263378,
      0.9790840876823229
    ]
  },
  "rightRingDistal": {
    "rotation": [
      0,
      0,
      -0.22846168704883907,
      0.9735529043410011
    ]
  },
  "rightRingIntermediate": {
    "rotation": [
      0,
      0,
      -0.22846168704883907,
      0.9735529043410011
    ]
  },
  "rightRingProximal": {
    "rotation": [
      0.027177964264291816,
      0.0008440124390392434,
      -0.2270116886013926,
      0.973512372360925
    ]
  },
  "rightShoulder": {
    "rotation": [
      0,
      0,
      0,
      1
    ]
  },
  "rightThumbDistal": {
    "rotation": [
      0,
      -0.20345601305263378,
      0,
      0.9790840876823229
    ]
  },
  "rightThumbIntermediate": {
    "rotation": [
      -0.034187909804441495,
      -0.25477795893454697,
      0.03120483390704014,
      0.9658911102216355
    ]
  },
  "rightThumbProximal": {
    "rotation": [
      -0.05051779743418874,
      -0.01103355143752485,
      -0.015932831409803054,
      0.9985351059268476
    ]
  },
  "rightToes": {
    "rotation": [
      -0.017866563346346342,
      -0.0008299681071886012,
      0.0012465158394992654,
      0.9998392587138165
    ]
  },
  "rightUpperArm": {
    "rotation": [
      -0.051409440433609996,
      0.05069388031881645,
      -0.6181473788081727,
      0.7827394317428438
    ]
  },
  "rightUpperLeg": {
    "rotation": [
      -0.055839698167197124,
      -0.10779230244417556,
      0.25535216155074947,
      0.9591965498445768
    ]
  },
  "spine": {
    "rotation": [
      0.053938727160854905,
      -0.015053041040552878,
      0.0359949436370079,
      0.997781731492548
    ]
  },
  "upperChest": {
    "rotation": [
      -0.06992107722412252,
      -0.03600724563066859,
      0.04770669454036963,
      0.9957603087681005
    ]
  }
}